"SiteID","FEC","Value"
"410705",49.998511860472,13.9560003281
"410705",89.9997023720944,0.0390000008
"410705",38.0011309860413,24.1739997864
"410705",90.999732134885,0.0359999985
"410705",67.9990475907021,4.4369997978
"410705",50.9985416232626,12.9530000687
"410705",22.0006547813923,52.8969993591
"410705",7.00020833953391,196.3110046387
"410705",31.0009226465073,33.6230010986
"410705",62.9988987767493,6.478000164
"410705",77.9993452186077,1.6480000019
"410705",46.0013690883657,16.5550003052
"410705",37.0011012232507,25.2350006104
"410705",57.9987499627965,9.013999939
"410705",91.9997618976755,0.0359999985
"410705",34.001011934879,29.2070007324
"410705",80.9994345069794,0.8820000291
"410705",82.9994940325605,0.4819999933
"410705",2.00005952558112,754.8049926758
"410705",75.9992856930266,2.1860001087
"410705",68.9990773534927,4.4369997978
"410705",5.0001488139528,283.7690124512
"410705",85.9995833209322,0.1539999992
"410705",74.999255930236,2.6380000114
"410705",79.9994047441888,1.1009999514
"410705",8.00023810232447,168.2649993896
"410705",72.9991964046549,3.013999939
"410705",9.00026786511503,147.6840057373
"410705",73.9992261674455,2.9430000782
"410705",51.9985713860532,12.236000061
"410705",47.0013988511563,16.4039993286
"410705",20.0005952558112,58.8269996643
"410705",94.9998511860472,0
"410705",41.0012202744129,21.045999527
"410705",11.0003273906962,116.3369979858
"410705",35.0010416976696,27.7269992828
"410705",16.0004762046489,75.8379974365
"410705",18.0005357302301,66.56300354
"410705",27.0008035953451,40.6440010071
"410705",1.00002976279056,1570.8489990234
"410705",52.9986011488437,11.7910003662
"410705",56.9987202000059,9.1960000992
"410705",87.9996428465133,0.0680000037
"410705",40.0011905116224,22.1730003357
"410705",25.000744069764,45.3940010071
"410705",28.0008333581357,38.40599823
"410705",69.9991071162832,4.3790001869
"410705",48.0014286139468,15.5329999924
"410705",55.9986904372154,9.748000145
"410705",19.0005654930206,61.8300018311
"410705",33.0009821720885,30.3020000458
"410705",60.9988392511682,7.5240001678
"410705",30.0008928837168,35.21900177
"410705",93.9998214232566,0.001
"410705",95.9998809488378,0
"410705",70.9991368790738,3.9730000496
"410705",76.9993154558171,1.8430000544
"410705",15.0004464418584,82.5439987183
"410705",61.9988690139587,6.8740000725
"410705",86.9996130837227,0.0960000008
"410705",13.0003869162773,96.216003418
"410705",12.0003571534867,104.8679962158
"410705",10.0002976279056,130.0700073242
"410705",59.9988094883776,8.2089996338
"410705",81.9994642697699,0.6290000081
"410705",45.0013393255752,17.283000946
"410705",92.9997916604661,0.0289999992
"410705",96.9999107116283,0
"410705",63.9989285395399,6.2199997902
"410705",43.001279799994,19.545999527
"410705",42.0012500372035,20.3180007935
"410705",32.0009524092979,31.982000351
"410705",26.0007738325545,42.9599990845
"410705",14.0004166790678,88.2929992676
"410705",21.0006250186017,56.0190010071
"410705",53.9986309116343,11.1510000229
"410705",6.00017857674336,234.9199981689
"410705",29.0008631209262,36.3460006714
"410705",17.0005059674395,71.40599823
"410705",36.0010714604601,26.1809997559
"410705",78.9993749813982,1.4960000515
"410705",71.9991666418643,3.4289999008
"410705",83.9995237953511,0.3770000041
"410705",97.9999404744189,0
"410705",39.0011607488318,23.3799991608
"410705",49.0014583767374,14.8260002136
"410705",54.9986606744248,10.4090003967
"410705",66.9990178279115,4.6900000572
"410705",98.9999702372094,0
"410705",4.00011905116224,361.6860046387
"410705",3.00008928837168,489.1719970703
"410705",44.0013095627846,18.3409996033
"410705",58.9987797255871,8.7709999084
"410705",64.9989583023304,5.7550001144
"410705",24.0007143069734,47.4710006714
"410705",84.9995535581416,0.2389999926
"410705",88.9996726093038,0.050999999
"410705",99.9970237209441,0
"410705",65.998988065121,5.1519999504
"410705",23.0006845441829,49.9630012512
"410711",98.9985560575714,0
"410711",11.9986957939354,195.4850006104
"410711",27.0017234151567,97.1890029907
"410711",49.0008849969724,49.3660011292
"410711",4.00111789091248,400.6310119629
"410711",68.0003726303042,23.4839992523
"410711",28.999953421212,91.047996521
"410711",82.0019563090968,11.3489999771
"410711",95.0020960454609,2.0610001087
"410711",82.9987423727235,10.6330003738
"410711",4.9979039545391,346.5039978027
"410711",63.9992547393917,27.8689994812
"410711",14.9983697424193,163.7779998779
"410711",17.0012576272765,147.9920043945
"410711",26.0002794727281,100.6510009766
"410711",33.9978573757511,77.6770019531
"410711",37.9989752666636,69.0090026855
"410711",37.0021892030369,71.0660018921
"410711",36.0007452606083,72.9150009155
"410711",46.0012110484885,54.4539985657
"410711",56.9984628999953,36.8269996643
"410711",72.0014905212166,19.6849994659
"410711",31.9996273696958,82.7369995117
"410711",52.0005589454562,44.3310012817
"410711",5.99934789696772,311.1239929199
"410711",33.0010713121245,80.1019973755
"410711",20.0009315757604,127.4489974976
"410711",18.9994876333318,133.3379974365
"410711",30.0013973636406,88.0650024414
"410711",24.9988355302995,104.3420028687
"410711",39.0004192090922,66.9130020142
"410711",50.002328939401,47.7389984131
"410711",59.9981368484792,32.7130012512
"410711",14.0015836787927,171.7940063477
"410711",13.0001397363641,183.1699981689
"410711",85.0016302575807,9.2089996338
"410711",66.0021426242489,25.6930007935
"410711",2.99967394848386,494.5429992676
"410711",69.9986026363594,21.6410007477
"410711",60.9995807909078,31.361000061
"410711",71.000046578788,20.688999176
"410711",20.997717639387,122.0110015869
"410711",42.000093157576,61.4589996338
"410711",21.9991615818156,117.3679962158
"410711",69.0018165727328,22.607000351
"410711",7.00079183939634,284.5010070801
"410711",50.9991150030276,46.0800018311
"410711",10.0004657878802,222.3560028076
"410711",8.00223578182496,259.6300048828
"410711",27.9985094787834,94.1190032959
"410711",79.9990684242396,12.9239997864
"410711",43.0015371000047,59.6930007935
"410711",40.9986492151474,63.4449996948
"410711",11.0019097303088,206.6009979248
"410711",40.0018631515208,65.1269989014
"410711",53.9987889515115,41.0719985962
"410711",8.99902184545158,239.4960021973
"410711",56.0016768363687,38.1319999695
"410711",66.9989286878755,24.5130004883
"410711",44.9997671060599,56.1850013733
"410711",55.0002328939401,39.6240005493
"410711",46.9979971121151,52.9039993286
"410711",95.9988821090875,1.0670000315
"410711",89.9995342121198,5.9809999466
"410711",72.9982765848433,18.6940002441
"410711",43.9983231636313,57.8740005493
"410711",76.9993944757558,15.4720001221
"410711",85.9984163212073,8.5850000381
"410711",73.9997205272719,17.9109992981
"410711",65.0006986818203,26.7870006561
"410711",62.9978107969631,29.0690002441
"410711",15.9998136848479,155.4190063477
"410711",17.9980436909032,140.1000061035
"410711",94.0006521030323,2.8310000896
"410711",62.0010247333364,30.2049999237
"410711",92.9992081606037,3.5989999771
"410711",24.0020494666729,108.3010025024
"410711",53.0020028878849,42.6189994812
"410711",78.0008384181844,14.5539999008
"410711",91.0009781545484,5.1640000343
"410711",88.0013042060646,7.1550002098
"410711",81.0005123666682,12.1680002213
"410711",75.9979505333271,16.2749996185
"410711",88.9980902696912,6.5920000076
"410711",97.0003260515161,0.2579999864
"410711",1.00144394242862,1005.825012207
"410711",23.0006055242443,112.7880020142
"410711",30.9981834272672,85.4130020142
"410711",34.9993013181797,75.3050003052
"410711",47.9994410545438,51.2019996643
"410711",79.002282360613,13.6719999313
"410711",57.999906842424,35.4140014648
"410711",75.0011644697005,17.1280002594
"410711",86.9998602636359,7.873000145
"410711",1.99823000605524,638.958984375
"410711",91.997764218175,4.3680000305
"410711",84.0001863151521,9.9289999008
"410711",59.0013507848526,33.9710006714
"410711",99.995342121198,0
"410711",98.0017699939447,0
"410729",98.0003711608054,0
"410729",98.9978658253688,0
"410729",96.9982369861743,0
"410729",62.9999072097986,32.7099990845
"410729",1.00213417463116,3981.9719238281
"410729",88.0022269648325,7.2979998589
"410729",16.9991648881878,301.1610107422
"410729",75.0023197550339,17.6879997253
"410729",70.0009279020135,23.2000007629
"410729",42.9989793077851,82.3359985352
"410729",24.0001855804027,199.6219940186
"410729",29.9990720979865,143.2929992676
"410729",40.0018558040271,94.2340011597
"410729",35.9979586155702,110.3160018921
"410729",12.9999072097986,403.7760009766
"410729",33.9983297763756,118.4929962158
"410729",53.9992576783892,49.3370018005
"410729",44.9986081469797,74.9349975586
"410729",59.0006495314095,39.2869987488
"410729",59.9981441959729,37.4480018616
"410729",25.0023197550339,186.4810028076
"410729",5.99888651758374,797.4470214844
"410729",1.99962883919458,2142.1220703125
"410729",3.99925767838916,1156.8990478516
"410729",9.99814419597291,528.2139892578
"410729",9.00064953140948,566.6049804688
"410729",11.0002783706041,482.2730102539
"410729",3.00176301382574,1502.7440185547
"410729",7.99851535677832,622.9149780273
"410729",20.998422566577,242.6060028076
"410729",83.9983297763756,10.6949996948
"410729",72.9980514057715,19.6369991302
"410729",37.0000927902014,106.4670028687
"410729",46.9982369861743,68.6790008545
"410729",68.001299062819,25.861000061
"410729",72.0005567412081,20.8729991913
"410729",38.9997216293959,98.2279968262
"410729",85.9979586155702,9.0970001221
"410729",75.9998144195973,16.8460006714
"410729",90.9993504685905,4.6119999886
"410729",55.9988865175837,45.1510009766
"410729",7.0010206922149,694.2479858398
"410729",22.9980514057715,212.983001709
"410729",27.9994432587919,158.7169952393
"410729",14.0020413844298,371.8150024414
"410729",40.9993504685905,90.1340026855
"410729",53.0017630138257,51.6310005188
"410729",22.0005567412081,228.6009979248
"410729",64.0020413844298,31.1779994965
"410729",61.0002783706041,35.8429985046
"410729",27.0019485942284,166.7350006104
"410729",18.001299062819,283.0979919434
"410729",20.0009279020135,254.8280029297
"410729",14.9995360489932,348.1319885254
"410729",16.0016702236244,321.5899963379
"410729",81.998700937181,12.4919996262
"410729",66.9991648881878,27.0890007019
"410729",48.0003711608054,65.0540008545
"410729",74.0001855804027,18.5939998627
"410729",31.0012062726176,136.4700012207
"410729",79.9990720979865,14.0329999924
"410729",48.9978658253688,62.4049987793
"410729",70.998422566577,22.107000351
"410729",61.9977730351675,34.1640014648
"410729",11.9977730351675,436.5209960938
"410729",42.0014846432217,86.0220031738
"410729",51.0021341746312,56.4990005493
"410729",64.9995360489932,29.7600002289
"410729",46.0007423216108,71.7310028076
"410729",57.9985153567783,41.0760002136
"410729",55.0013918530203,47.2159996033
"410729",96.0007423216108,0.6359999776
"410729",87.0000927902014,8.2860002518
"410729",94.9986081469797,1.3710000515
"410729",92.9989793077851,2.6989998817
"410729",94.0011134824163,2.1119999886
"410729",77.0019485942285,16.1660003662
"410729",92.0014846432217,3.6610000134
"410729",51.9996288391946,53.9739990234
"410729",83.0008351118122,11.6809997559
"410729",79.001577433423,14.781999588
"410729",88.9997216293959,6.4619998932
"410729",90.0018558040271,5.5349998474
"410729",68.9987937273824,24.5489997864
"410729",38.0022269648325,102.6050033569
"410729",50,59.3699989319
"410729",57.0010206922149,42.9239997864
"410729",35.0004639510068,114.0569992065
"410729",18.9987937273824,268.4769897461
"410729",29.001577433423,150.2920074463
"410729",44.0011134824163,78.8020019531
"410729",81.0012062726176,13.2030000687
"410729",5.00139185302032,942.0989990234
"410729",33.0008351118122,124.3170013428
"410729",31.998700937181,130.1770019531
"410729",85.0004639510068,9.8959999084
"410729",77.9994432587919,15.4239997864
"410729",66.0016702236244,28.4290008545
"410729",99.9953604899323,0
"410729",25.9998144195973,175.300994873
"410745",96.9995868622185,0
"410745",98.0014459822351,0
"410745",98.9981408799835,0
"410745",99.9948357777319,0
"410745",54.002272257798,3.1429998875
"410745",50,3.3220000267
"410745",3.00041313778145,91.4929962158
"410745",35.9997934311093,4.1960000992
"410745",71.9995868622185,2.5290000439
"410745",90.9987605866556,1.7189999819
"410745",79.002272257798,2.3129999638
"410745",4.00227225779798,72.3929977417
"410745",15.0020656889073,13.6649999619
"410745",21.9995868622185,7.6669998169
"410745",9.00123941334435,29.1739997864
"410745",17.0006197066722,11.2749996185
"410745",12.9983474488742,16.6909999847
"410745",23.9981408799835,6.6739997864
"410745",92.0006197066722,1.6349999905
"410745",57.9993802933278,2.9790000916
"410745",39.0002065688907,3.9430000782
"410745",12.0016525511258,18.8120002747
"410745",42.0006197066722,3.7400000095
"410745",79.9989671555464,2.2669999599
"410745",90.0020656889073,1.7960000038
"410745",68.9991737244371,2.614000082
"410745",82.9993802933278,2.1480000019
"410745",15.9987605866556,12.3649997711
"410745",59.9979343110927,2.9040000439
"410745",51.0018591200165,3.2730000019
"410745",93.0024788266887,1.5410000086
"410745",78.0004131377815,2.3480000496
"410745",31.0008262755629,4.7630000114
"410745",89.0002065688907,1.8370000124
"410745",26.9985540177649,5.6300001144
"410745",9.99793431109275,24.9200000763
"410745",87.9983474488742,1.8880000114
"410745",73.9981408799835,2.4760000706
"410745",93.9991737244371,1.4229999781
"410745",18.9991737244371,9.7449998856
"410745",81.0008262755629,2.2249999046
"410745",84.0012394133444,2.1029999256
"410745",84.9979343110927,2.0550000668
"410745",37.0016525511258,4.1020002365
"410745",70.997727742202,2.5520000458
"410745",18.0024788266887,10.626999855
"410745",67.0006197066722,2.6760001183
"410745",1.99855401776492,128.8650054932
"410745",95.0010328444536,1.0900000334
"410745",56.0008262755629,3.0610001087
"410745",75,2.4430000782
"410745",95.997727742202,0
"410745",62.0016525511258,2.8380000591
"410745",56.9975211733113,3.0209999084
"410745",43.0024788266887,3.6819999218
"410745",76.0018591200165,2.4149999619
"410745",59.0012394133444,2.9440000057
"410745",81.9975211733113,2.1879999638
"410745",85.9997934311093,1.9950000048
"410745",87.0016525511258,1.9390000105
"410745",62.9983474488742,2.8020000458
"410745",76.9985540177649,2.3819999695
"410745",68.0024788266887,2.6429998875
"410745",40.9987605866556,3.8059999943
"410745",53.0004131377815,3.1819999218
"410745",6.0008262755629,48.3289985657
"410745",34.9979343110927,4.2979998589
"410745",64.0002065688907,2.7650001049
"410745",48.0014459822351,3.4210000038
"410745",20.997727742202,8.2709999084
"410745",60.9997934311093,2.8710000515
"410745",45.0010328444536,3.5699999332
"410745",4.99896715554637,58.8230018616
"410745",51.9985540177649,3.2290000916
"410745",6.9975211733113,41.4749984741
"410745",7.99938029332782,34.6940002441
"410745",65.0020656889073,2.7379999161
"410745",25,6.2859997749
"410745",20.0010328444536,8.9770002365
"410745",29.002272257798,5.1599998474
"410745",43.9991737244371,3.6270000935
"410745",73.0014459822351,2.503000021
"410745",70.0010328444536,2.5810000896
"410745",46.9995868622185,3.4749999046
"410745",26.0018591200165,5.9330000877
"410745",40.0020656889073,3.8699998856
"410745",28.0004131377815,5.3779997826
"410745",10.9997934311093,21.8479995728
"410745",14.0002065688907,15.2030000687
"410745",1.00185912001653,192.6920013428
"410745",37.9983474488742,4.0199999809
"410745",34.0012394133444,4.4079999924
"410745",48.9981408799835,3.3770000935
"410745",45.997727742202,3.5209999084
"410745",32.9993802933278,4.506000042
"410745",54.9989671555464,3.1010000706
"410745",65.9987605866556,2.7070000172
"410745",31.9975211733113,4.6209998131
"410745",29.9989671555464,4.9400000572
"410745",23.0014459822351,7.1020002365
"410746",96.9995868622185,0
"410746",98.0014459822351,0
"410746",98.9981408799835,0
"410746",95.0010328444536,0
"410746",95.997727742202,0
"410746",7.99938029332782,5.3420000076
"410746",14.0002065688907,2.0320000648
"410746",56.0008262755629,0.1979999989
"410746",64.0002065688907,0.1519999951
"410746",10.9997934311093,3.3599998951
"410746",3.00041313778145,14.0830001831
"410746",25,0.5830000043
"410746",54.9989671555464,0.2039999962
"410746",87.9983474488742,0.0460000001
"410746",67.0006197066722,0.1330000013
"410746",4.99896715554637,8.968000412
"410746",68.9991737244371,0.1209999993
"410746",84.0012394133444,0.057
"410746",81.9975211733113,0.063000001
"410746",85.9997934311093,0.0520000011
"410746",21.9995868622185,0.7329999804
"410746",78.0004131377815,0.0769999996
"410746",76.0018591200165,0.0860000029
"410746",29.002272257798,0.4530000091
"410746",90.0020656889073,0.0379999988
"410746",15.9987605866556,1.5089999437
"410746",76.9985540177649,0.0810000002
"410746",6.9975211733113,6.1820001602
"410746",59.9979343110927,0.174999997
"410746",17.0006197066722,1.3320000172
"410746",6.0008262755629,7.3550000191
"410746",18.0024788266887,1.1629999876
"410746",82.9993802933278,0.0599999987
"410746",18.9991737244371,1.0249999762
"410746",37.0016525511258,0.3459999859
"410746",28.0004131377815,0.4779999852
"410746",40.9987605866556,0.3100000024
"410746",51.9985540177649,0.2240000069
"410746",1.00185912001653,32.4370002747
"410746",20.997727742202,0.8149999976
"410746",12.9983474488742,2.3699998856
"410746",23.9981408799835,0.6230000257
"410746",37.9983474488742,0.3359999955
"410746",12.0016525511258,2.8129999638
"410746",32.9993802933278,0.3880000114
"410746",9.99793431109275,3.9630000591
"410746",29.9989671555464,0.4339999855
"410746",40.0020656889073,0.3179999888
"410746",9.00123941334435,4.6820001602
"410746",45.0010328444536,0.2759999931
"410746",50,0.2389999926
"410746",42.0006197066722,0.3019999862
"410746",48.0014459822351,0.2540000081
"410746",46.9995868622185,0.2610000074
"410746",48.9981408799835,0.2460000068
"410746",20.0010328444536,0.9129999876
"410746",31.9975211733113,0.40200001
"410746",60.9997934311093,0.1679999977
"410746",56.9975211733113,0.1930000037
"410746",43.0024788266887,0.2939999998
"410746",54.002272257798,0.2109999955
"410746",51.0018591200165,0.2319999933
"410746",62.9983474488742,0.1560000032
"410746",53.0004131377815,0.2169999927
"410746",45.997727742202,0.2689999938
"410746",57.9993802933278,0.1879999936
"410746",34.9979343110927,0.3659999967
"410746",70.0010328444536,0.1159999967
"410746",92.0006197066722,0.0219999999
"410746",79.9989671555464,0.0700000003
"410746",26.0018591200165,0.5360000134
"410746",23.0014459822351,0.6750000119
"410746",65.0020656889073,0.1459999979
"410746",75,0.0909999982
"410746",59.0012394133444,0.1819999963
"410746",81.0008262755629,0.0670000017
"410746",93.0024788266887,0.0140000004
"410746",93.9991737244371,0.0049999999
"410746",89.0002065688907,0.0430000015
"410746",62.0016525511258,0.1620000005
"410746",65.9987605866556,0.1400000006
"410746",43.9991737244371,0.2849999964
"410746",35.9997934311093,0.3560000062
"410746",71.9995868622185,0.1059999987
"410746",73.0014459822351,0.1010000035
"410746",70.997727742202,0.1110000014
"410746",87.0016525511258,0.0500000007
"410746",73.9981408799835,0.0960000008
"410746",39.0002065688907,0.3280000091
"410746",68.0024788266887,0.1270000041
"410746",26.9985540177649,0.5049999952
"410746",84.9979343110927,0.0549999997
"410746",90.9987605866556,0.0320000015
"410746",79.002272257798,0.074000001
"410746",4.00227225779798,10.986000061
"410746",15.0020656889073,1.7339999676
"410746",1.99855401776492,20.1009998322
"410746",99.9948357777319,0
"410746",31.0008262755629,0.4149999917
"410746",34.0012394133444,0.3759999871
"410753",99.9945262466473,0
"410753",98.002080026274,0
"410753",98.9983031364607,0
"410753",15.9997810498659,2.6150000095
"410753",4.00131370080464,15.5830001831
"410753",46.0014231758717,0.621999979
"410753",30.9978652361925,0.9700000286
"410753",37.9987957742624,0.7760000229
"410753",11.0022442388746,4.4510002136
"410753",68.0004379002682,0.3109999895
"410753",5.99923367453063,10.0749998093
"410753",92.99906946193,0.0939999968
"410753",53.0023537139417,0.5139999986
"410753",40.9984126115277,0.7139999866
"410753",1.99791997372598,26.4969997406
"410753",14.9980841863266,2.8589999676
"410753",71.0000547375335,0.273999989
"410753",76.9992884120641,0.2029999942
"410753",72.9979747112595,0.25
"410753",34.9991789369971,0.8439999819
"410753",62.0012042257376,0.3889999986
"410753",72.0017516010729,0.2599999905
"410753",59.0015873884723,0.4250000119
"410753",66.0025179265422,0.3379999995
"410753",26.0003284252012,1.2250000238
"410753",17.0014779134052,2.3870000839
"410753",62.9974273359242,0.3759999871
"410753",57.999890524933,0.4379999936
"410753",2.99961683726531,19.8260002136
"410753",20.9973178608572,1.6920000315
"410753",56.001970551207,0.4670000076
"410753",79.0026821391428,0.1860000044
"410753",43.998029448793,0.6579999924
"410753",60.9995073621983,0.4009999931
"410753",13.0001642126006,3.4639999866
"410753",27.9982483989271,1.1030000448
"410753",44.9997263123324,0.6389999986
"410753",24.9986315616618,1.2999999523
"410753",33.9974820734578,0.871999979
"410753",37.0025726640758,0.7960000038
"410753",24.0024084514752,1.375
"410753",18.9993978871312,2.006000042
"410753",59.9978104986589,0.4140000045
"410753",8.99885051179594,6.0840001106
"410753",49.9972631233237,0.5619999766
"410753",49.001040013137,0.5780000091
"410753",75.0013684383382,0.2269999981
"410753",66.9987410367289,0.324000001
"410753",73.9996715747988,0.2380000055
"410753",31.9995620997318,0.9340000153
"410753",52.0006568504023,0.5279999971
"410753",28.9999452624665,1.050999999
"410753",33.0012589632711,0.90200001
"410753",8.00262740160928,7.1999998093
"410753",20.0010947506705,1.8400000334
"410753",55.0002736876676,0.4839999974
"410753",85.9981389238601,0.1330000013
"410753",56.9981936613936,0.4530000091
"410753",46.9976462860583,0.6110000014
"410753",63.9991241994636,0.3650000095
"410753",27.0020252887405,1.1619999409
"410753",11.9984673490613,3.993999958
"410753",40.0021895013411,0.7340000272
"410753",23.0007115879359,1.4700000286
"410753",14.0018610761399,3.1770000458
"410753",42.0001094750671,0.6940000057
"410753",50.998959986863,0.5440000296
"410753",69.0021347638075,0.3000000119
"410753",69.9983578739942,0.2870000005
"410753",78.0009852756035,0.1959999949
"410753",91.0011494882041,0.1070000008
"410753",53.9985768241283,0.4990000129
"410753",81.0006021128688,0.1700000018
"410753",82.0022989764081,0.1620000005
"410753",91.9973725983907,0.1010000035
"410753",95.9986862991954,0.0680000037
"410753",82.9985220865948,0.1539999992
"410753",39.0004926378017,0.753000021
"410753",94.0007663254694,0.0879999995
"410753",89.9994526246647,0.1110000014
"410753",30.0016421260058,1.0119999647
"410753",95.0024631890087,0.0799999982
"410753",4.9975368109913,12.4230003357
"410753",17.9977010235919,2.1819999218
"410753",1.00169686353933,40.5
"410753",10.0005473753353,5.1719999313
"410753",47.9993431495977,0.5950000286
"410753",97.0003831627347,0.0540000014
"410753",21.9990147243965,1.5859999657
"410753",75.9975915485248,0.2160000056
"410753",43.0018063386064,0.675999999
"410753",65.0008210630029,0.3519999981
"410753",85.0019158136734,0.1400000006
"410753",7.00093053806996,8.4670000076
"410753",79.9989052493295,0.1790000051
"410753",84.0002189501341,0.1469999999
"410753",88.0015326509388,0.1199999973
"410753",88.9977557611254,0.1150000021
"410753",86.9998357873994,0.126000002
"410753",36.0008758005364,0.8199999928
"410761",99.9941772446722,0
"410761",98.0027949225574,0
"410761",98.9984860836148,0
"410761",17.9981367182951,886.299987793
"410761",25.9986025387213,617.3469848633
"410761",8.00046582042622,1852.0870361328
"410761",48.0027949225573,276.0310058594
"410761",32.0018632817049,490.6459960938
"410761",10.9991848142541,1417.5649414062
"410761",45.9997670897869,300.5859985352
"410761",39.0008151857459,384.2940063477
"410761",81.0003493653197,57.763999939
"410761",1.00151391638523,9506.126953125
"410761",28.9973215325492,547.5109863281
"410761",47.0012810061721,288.2799987793
"410761",90.0023291021311,27.1609992981
"410761",41.9995341795738,347.1340026855
"410761",94.0025620123442,10.857000351
"410761",16.0009316408524,991.5460205078
"410761",44.9982531734017,312.8320007324
"410761",35.0005822755328,440.7279968262
"410761",85.0005822755328,44.5960006714
"410761",95.9997670897869,2.9149999619
"410761",58.0004658204262,178.0700073242
"410761",86.9977873529754,37.766998291
"410761",75.0029113776639,79.3779983521
"410761",5.00174682659835,2702.1599121094
"410761",25.0029113776639,641.0399780273
"410761",60.9991848142541,157.8339996338
"410761",51.0015139163852,240.6719970703
"410761",9.99767089786887,1541.0720214844
"410761",2.99871899382788,4028.3139648438
"410761",13.997903808082,1121.9599609375
"410761",5.99743798765576,2362.2409667969
"410761",63.0022126470246,145.1119995117
"410761",4.00023291021311,3221.3520507812
"410761",13.0022126470246,1200.1689453125
"410761",52.9987189938279,219.8930053711
"410761",70.0011645510656,105.3929977417
"410761",55.0017468265983,202.8500061035
"410761",9.00197973681146,1695.4630126953
"410761",18.9996506346803,835.8170166016
"410761",43.001048095959,335.5220031738
"410761",40.9980202631885,359.967010498
"410761",1.99720507744265,5438.376953125
"410761",24.0013974612787,668.125
"410761",36.9977873529754,411.4790039062
"410761",20.0011645510656,797.3829956055
"410761",37.9993012693607,397.7919921875
"410761",72.9998835448934,88.7880020142
"410761",50,251.7530059814
"410761",56.998951904041,187.0070037842
"410761",87.9993012693607,34.7770004272
"410761",71.0026784674508,100.4049987793
"410761",68.9996506346803,110.4629974365
"410761",21.9983696285082,728.325012207
"410761",6.99895190404099,2089.2570800781
"410761",17.0024455572377,927.8469848633
"410761",28.0016303714918,568.1450195312
"410761",77.0001164551066,71.2910003662
"410761",59.9976708978689,163.8809967041
"410761",89.0008151857459,31.3939990997
"410761",36.002096191918,423.9179992676
"410761",33.9990683591476,457.0639953613
"410761",67.9981367182951,115.6019973755
"410761",62.0006987306393,151.4779968262
"410761",93.001048095959,14.3920001984
"410761",55.9974379876558,194.4730072021
"410761",59.0019797368115,170.9129943848
"410761",86.002096191918,41.2540016174
"410761",83.9990683591475,47.9980010986
"410761",21.0026784674508,761.5269775391
"410761",64.9994177244672,133.6239929199
"410761",74.0013974612787,84.0569992065
"410761",90.9980202631885,23.138999939
"410761",82.0018632817049,54.6650009155
"410761",79.9988354489344,60.6349983215
"410761",97.0012810061721,0.1169999987
"410761",48.9984860836148,263.949005127
"410761",27.0001164551066,594.9270019531
"410761",78.9973215325492,64.0609970093
"410761",75.9986025387213,75.5830001831
"410761",66.0009316408525,127.8619995117
"410761",94.9982531734017,7.5440001488
"410761",12.0006987306393,1309.3499755859
"410761",40.0023291021311,372.9849853516
"410761",51.9972050774426,229.5469970703
"410761",22.9998835448934,700.7719726562
"410761",32.9975544427623,472.3129882812
"410761",29.9988354489344,527.6799926758
"410761",31.0003493653197,508.5700073242
"410761",78.0016303714918,67.56300354
"410761",67.0024455572377,121.9919967651
"410761",63.997903808082,139.5480041504
"410761",14.9994177244672,1051.7280273438
"410761",91.9995341795738,18.3799991608
"410761",44.0025620123442,324.5889892578
"410761",54.0002329102131,211.0989990234
"410761",71.9983696285082,94.8899993896
"410761",82.9975544427623,51.6040000916
"410768",77.9942170141531,0
"410768",78.9986303454573,0
"410768",80.0030436767615,0
"410768",81.0074570080657,0
"410768",81.9966519555623,0
"410768",83.0010652868665,0
"410768",84.0054786181707,0
"410768",84.9946735656673,0
"410768",85.9990868969715,0
"410768",87.0035002282758,0
"410768",87.9926951757723,0
"410768",69.0001521838381,0
"410768",70.0045655151423,0
"410768",70.9937604626389,0
"410768",71.9981737939431,0
"410768",21.0013696545427,6.4559998512
"410768",9.99847816161924,8.2950000763
"410768",16.9989347131335,7.5440001488
"410768",23.9993912646477,5.9409999847
"410768",60.006087353523,5.2529997826
"410768",18.9925429919343,7.1519999504
"410768",12.0073048242277,8.0399999619
"410768",1.00441333130422,9.5629997253
"410768",5.99604322021001,8.732000351
"410768",7.00045655151423,8.6289997101
"410768",5.00684827271344,8.8699998856
"410768",14.0009131030285,7.7529997826
"410768",8.99406483031502,8.4429998398
"410768",2.99802161010501,9.1859998703
"410768",1.99360827880079,9.2889995575
"410768",8.00486988281845,8.5129995346
"410768",18.0033480444377,7.3039999008
"410768",15.0053264343327,7.6620001793
"410768",15.9945213818292,7.6620001793
"410768",19.9969563232385,6.7239999771
"410768",29.0062395373611,5.5310001373
"410768",29.9954344848577,5.5310001373
"410768",30.9998478161619,5.5310001373
"410768",4.00243494140922,8.9989995956
"410768",11.0028914929235,8.2170000076
"410768",12.9964997717242,7.8720002174
"410768",32.9934560949627,5.4479999542
"410768",25.0038045959519,5.8699998856
"410768",33.9978694262669,5.4039998055
"410768",59.0016740222188,5.3210000992
"410768",36.0066960888754,5.3569998741
"410768",36.9958910363719,5.3569998741
"410768",38.0003043676762,5.3569998741
"410768",39.0047176989804,5.3569998741
"410768",39.9939126464769,5.3569998741
"410768",40.9983259777812,5.3569998741
"410768",42.0027393090854,5.3569998741
"410768",43.0071526403896,5.3569998741
"410768",43.9963475878862,5.3569998741
"410768",45.0007609191904,5.3569998741
"410768",26.9974128747527,5.6799998283
"410768",46.0051742504946,5.3569998741
"410768",25.9929995434485,5.7690000534
"410768",46.9943691979912,5.3569998741
"410768",47.9987825292954,5.3569998741
"410768",49.0031958605996,5.3569998741
"410768",49.9923908080962,5.3569998741
"410768",50.9968041394004,5.3569998741
"410768",52.0012174707046,5.3569998741
"410768",53.0056308020088,5.3569998741
"410768",53.9948257495054,5.3569998741
"410768",32.0042611474661,5.4990000725
"410768",35.0022827575711,5.3629999161
"410768",54.9992390808096,5.3569998741
"410768",56.0036524121138,5.3569998741
"410768",56.9928473596104,5.3569998741
"410768",22.9949779333435,6.0760002136
"410768",57.9972606909146,5.3569998741
"410768",66.0021305737331,4.2849998474
"410768",60.9952823010196,5.1710000038
"410768",64.9977172424288,4.5859999657
"410768",63.9933039111246,4.8020000458
"410768",63.0041089636281,4.9169998169
"410768",28.0018262060569,5.5859999657
"410768",61.9996956323238,4.9889998436
"410768",22.0057829858469,6.25
"410768",67.9957388525339,0.9179999828
"410768",67.0065439050373,1.1069999933
"410768",73.0025871252473,0
"410768",74.0070004565515,0
"410768",74.9961954040481,0
"410768",76.0006087353523,0
"410768",77.0050220666565,0
"410768",88.9971085070765,0
"410768",90.0015218383808,0
"410768",91.005935169685,0
"410768",91.9951301171816,0
"410768",92.9995434484858,0
"410768",94.00395677979,0
"410768",94.9931517272866,0
"410768",95.9975650585908,0
"410768",97.001978389895,0
"410768",98.0063917211992,0
"410768",98.9955866686958,0
"410768",99.9847816161924,0
"410750",97.9973878972573,0
"410750",98.9986939486286,0
"410750",87.001679208906,0
"410750",88.0029852602774,0
"410750",64.0027364885876,1.5770000219
"410750",2.00261210274271,351.8840026855
"410750",8.9993158778531,86.7229995728
"410750",46.9991914920082,4.4400000572
"410750",60.9988183344735,1.8489999771
"410750",43.0001865787673,5.8400001526
"410750",65.9991292990858,1.4199999571
"410750",88.9980720194042,0
"410750",54.9972013184899,2.5999999046
"410750",89.9993780707755,0
"410750",91.0006841221469,0
"410750",92.0019901735183,0
"410750",92.9970769326451,0
"410750",30.0018657876734,13.9370002747
"410750",59.0024255239754,2.0550000668
"410750",73.9971391255675,0.6850000024
"410750",63.0014304372162,1.6640000343
"410750",69.0030474531998,1.1430000067
"410750",29.000559736302,15.0089998245
"410750",13.9996268424653,48.8829994202
"410750",68.0017414018285,1.246999979
"410750",21.0025499098203,27.1369991302
"410750",21.9976366689471,25.0659999847
"410750",51.9995024566204,3.1949999332
"410750",37.9998756141551,8.170999527
"410750",26.0028608744325,18.8789997101
"410750",20.0012438584489,29.3519992828
"410750",7.99800982648175,97.9120025635
"410750",54.0021145593631,2.7920000553
"410750",35.9972635114124,9.2840003967
"410750",40.9975744760246,6.6750001907
"410750",24.0002487716898,21.7250003815
"410750",93.9983829840164,0
"410750",70.999440263698,0.9530000091
"410750",16.002238945208,40.75
"410750",73.0020523664407,0.7749999762
"410750",5.00031096461223,161.8529968262
"410750",34.0008707009142,10.6920003891
"410750",17.9986317557062,34.375
"410750",50.0031096461223,3.6710000038
"410750",16.9973257043348,37.6269989014
"410750",56.9998134212327,2.3120000362
"410750",69.9981342123266,1.0390000343
"410750",62.0001243858449,1.7519999743
"410750",2.99769886186952,252.6320037842
"410750",81.0000621929225,0.1920000017
"410750",11.0019279805958,66.9430007935
"410750",94.9996890353878,0
"410750",41.998880527396,6.2760000229
"410750",15.0009328938367,44.6199989319
"410750",67.0004353504571,1.3289999962
"410750",45.9978854406369,4.7649998665
"410750",26.9979476335593,17.3969993591
"410750",84.9990671061633,0.0309999995
"410750",59.9975122831022,1.9570000172
"410750",74.9984451769389,0.6119999886
"410750",45.00279868151,5.1209998131
"410750",36.9985695627838,8.6750001907
"410750",83.0026742956652,0.0930000022
"410750",7.00292306735493,112.9319992065
"410750",86.0003731575347,0.001
"410750",96.0009950867591,0
"410750",50.9981964052491,3.4100000858
"410750",77.0010572796816,0.4530000091
"410750",83.997761054792,0.0610000007
"410750",64.9978232477144,1.5019999743
"410750",72.0007463150693,0.8679999709
"410750",75.9997512283102,0.52700001
"410750",82.0013682442938,0.1410000026
"410750",78.0023633310529,0.3799999952
"410750",40.0024877168978,7.1630001068
"410750",27.9992536849307,16.0219993591
"410750",25.0015548230611,20.2889995575
"410750",11.9970147397226,59.96900177
"410750",1.00130605137135,593.799987793
"410750",22.9989427203184,23.2800006866
"410750",44.0014926301387,5.4590001106
"410750",3.99900491324087,199.2030029297
"410750",6.00161701598358,133.2350006104
"410750",53.0008085079918,2.9809999466
"410750",32.9995646495429,11.404999733
"410750",18.9999378070776,31.5970001221
"410750",12.998320791094,53.9379997253
"410750",55.9985073698613,2.4739999771
"410750",35.0021767522856,9.9930000305
"410750",10.0006219292245,76.6620025635
"410750",30.9969525468002,12.9130001068
"410750",78.9974500901797,0.3019999862
"410750",79.9987561415511,0.2430000007
"410750",58.001119472604,2.1860001087
"410750",97.0023011381305,0
"410750",99.9937807077554,0
"410750",48.0004975433796,4.1960000992
"410750",39.0011816655265,7.5900001526
"410750",31.9982585981715,12.1180000305
"410750",49.0018035947509,3.9159998894
"410751",94.9996890353878,0
"410751",96.0009950867591,0
"410751",97.0023011381305,0
"410751",97.9973878972573,0
"410751",98.9986939486286,0
"410751",77.0010572796816,0
"410751",78.0023633310529,0
"410751",78.9974500901797,0
"410751",79.9987561415511,0
"410751",81.0000621929225,0
"410751",56.9998134212327,0.4370000064
"410751",82.0013682442938,0
"410751",83.0026742956652,0
"410751",83.997761054792,0
"410751",54.0021145593631,0.6840000153
"410751",2.99769886186952,107.7880020142
"410751",64.9978232477144,0.1059999987
"410751",50.9981964052491,1.0140000582
"410751",69.9981342123266,0.0379999988
"410751",70.999440263698,0.0379999988
"410751",11.0019279805958,28.7269992828
"410751",72.0007463150693,0.0370000005
"410751",11.9970147397226,26.2070007324
"410751",21.0025499098203,12.4890003204
"410751",84.9990671061633,0
"410751",86.0003731575347,0
"410751",29.000559736302,6.6770000458
"410751",53.0008085079918,0.7839999795
"410751",32.9995646495429,4.9809999466
"410751",87.001679208906,0
"410751",75.9997512283102,0.003
"410751",88.0029852602774,0
"410751",55.9985073698613,0.5139999986
"410751",59.9975122831022,0.2610000074
"410751",3.99900491324087,81.3789978027
"410751",21.9976366689471,11.545999527
"410751",25.0015548230611,9.0620002747
"410751",67.0004353504571,0.0719999969
"410751",2.00261210274271,151.1519927979
"410751",58.001119472604,0.3700000048
"410751",48.0004975433796,1.4229999781
"410751",60.9988183344735,0.2129999995
"410751",26.9979476335593,7.7369999886
"410751",43.0001865787673,2.2960000038
"410751",49.0018035947509,1.2710000277
"410751",10.0006219292245,31.7310009003
"410751",73.9971391255675,0.0199999996
"410751",73.0020523664407,0.0280000009
"410751",88.9980720194042,0
"410751",27.9992536849307,7.146999836
"410751",16.002238945208,18.857000351
"410751",74.9984451769389,0.0099999998
"410751",50.0031096461223,1.1399999857
"410751",65.9991292990858,0.0890000015
"410751",89.9993780707755,0
"410751",35.9972635114124,4.0900001526
"410751",51.9995024566204,0.9089999795
"410751",16.9973257043348,17.452999115
"410751",36.9985695627838,3.8239998817
"410751",91.0006841221469,0
"410751",68.0017414018285,0.0579999983
"410751",5.00031096461223,66.5960006714
"410751",92.0019901735183,0
"410751",45.9978854406369,1.7589999437
"410751",39.0011816655265,3.2829999924
"410751",45.00279868151,1.9270000458
"410751",20.0012438584489,13.5039997101
"410751",92.9970769326451,0
"410751",69.0030474531998,0.0450000018
"410751",17.9986317557062,16.0799999237
"410751",1.00130605137135,272.6210021973
"410751",54.9972013184899,0.5960000157
"410751",30.0018657876734,6.1630001068
"410751",40.9975744760246,2.7839999199
"410751",40.0024877168978,3
"410751",22.9989427203184,10.6540002823
"410751",44.0014926301387,2.1050000191
"410751",7.99800982648175,39.1930007935
"410751",13.9996268424653,22.1949996948
"410751",37.9998756141551,3.5539999008
"410751",46.9991914920082,1.5750000477
"410751",63.0014304372162,0.150000006
"410751",62.0001243858449,0.1790000051
"410751",93.9983829840164,0
"410751",18.9999378070776,14.8030004501
"410751",8.9993158778531,35.2249984741
"410751",15.0009328938367,20.482000351
"410751",35.0021767522856,4.3930001259
"410751",41.998880527396,2.5360000134
"410751",24.0002487716898,9.7379999161
"410751",64.0027364885876,0.1289999932
"410751",12.998320791094,24.1380004883
"410751",6.00161701598358,53.7560005188
"410751",7.00292306735493,44.983001709
"410751",59.0024255239754,0.3120000064
"410751",30.9969525468002,5.7699999809
"410751",34.0008707009142,4.6570000648
"410751",31.9982585981715,5.3359999657
"410751",99.9937807077554,0
"410751",26.0028608744325,8.3479995728
"410756",97.9973878972573,0
"410756",98.9986939486286,0
"410756",99.9937807077554,0
"410756",96.0009950867591,0
"410756",97.0023011381305,0
"410756",21.9976366689471,251.6909942627
"410756",22.9989427203184,239.1390075684
"410756",30.9969525468002,152.1459960938
"410756",64.9978232477144,15.2430000305
"410756",78.9974500901797,5.3870000839
"410756",29.000559736302,171.56199646
"410756",24.0002487716898,227.1479949951
"410756",91.0006841221469,1.6230000257
"410756",5.00031096461223,1079.1970214844
"410756",40.0024877168978,87.5839996338
"410756",32.9995646495429,134.1199951172
"410756",36.9985695627838,106.0260009766
"410756",73.0020523664407,8.5559997559
"410756",74.9984451769389,7.3579998016
"410756",7.99800982648175,710.0289916992
"410756",2.99769886186952,1694.7189941406
"410756",34.0008707009142,126.8880004883
"410756",25.0015548230611,215.7619934082
"410756",8.9993158778531,649.3129882812
"410756",11.0019279805958,538.1870117188
"410756",84.9990671061633,3.368999958
"410756",6.00161701598358,910.5310058594
"410756",73.9971391255675,7.8930001259
"410756",3.99900491324087,1313.2869873047
"410756",2.00261210274271,2399.66796875
"410756",13.9996268424653,427.9049987793
"410756",15.0009328938367,398.7600097656
"410756",21.0025499098203,267.1640014648
"410756",88.0029852602774,2.6019999981
"410756",49.0018035947509,53.3590011597
"410756",31.9982585981715,142.4839935303
"410756",27.9992536849307,181.5919952393
"410756",12.998320791094,463.1149902344
"410756",69.0030474531998,11.2469997406
"410756",54.9972013184899,35.9300003052
"410756",56.9998134212327,30.5009994507
"410756",87.001679208906,2.8959999084
"410756",72.0007463150693,9.263999939
"410756",35.0021767522856,119.2249984741
"410756",58.001119472604,27.5809993744
"410756",43.0001865787673,72.8170013428
"410756",26.9979476335593,192.3320007324
"410756",65.9991292990858,14.2910003662
"410756",64.0027364885876,16.2700004578
"410756",18.9999378070776,303.0190124512
"410756",50.0031096461223,50.8429985046
"410756",53.0008085079918,42.1020011902
"410756",69.9981342123266,10.656999588
"410756",1.00130605137135,4346.8559570312
"410756",20.0012438584489,283.8760070801
"410756",78.0023633310529,5.8179998398
"410756",83.997761054792,3.631000042
"410756",54.0021145593631,38.8289985657
"410756",60.9988183344735,20.4050006866
"410756",79.9987561415511,4.9330000877
"410756",93.9983829840164,0.3849999905
"410756",35.9972635114124,112.2369995117
"410756",88.9980720194042,2.3210000992
"410756",92.9970769326451,0.7720000148
"410756",37.9998756141551,99.7699966431
"410756",92.0019901735183,1.2510000467
"410756",63.0014304372162,17.4599990845
"410756",81.0000621929225,4.5399999619
"410756",62.0001243858449,18.7619991302
"410756",67.0004353504571,13.2130002975
"410756",94.9996890353878,0.0289999992
"410756",26.0028608744325,202.9530029297
"410756",11.9970147397226,498.2239990234
"410756",50.9981964052491,47.9959983826
"410756",41.998880527396,76.7880020142
"410756",40.9975744760246,82.4199981689
"410756",44.0014926301387,68.9919967651
"410756",7.00292306735493,790.5720214844
"410756",17.9986317557062,323.8039855957
"410756",68.0017414018285,12.2290000916
"410756",39.0011816655265,94.0250015259
"410756",51.9995024566204,45.0040016174
"410756",16.002238945208,372.2210083008
"410756",55.9985073698613,33.3880004883
"410756",16.9973257043348,347.2820129395
"410756",59.9975122831022,22.452999115
"410756",75.9997512283102,6.8299999237
"410756",30.0018657876734,161.4900054932
"410756",10.0006219292245,590.2249755859
"410756",86.0003731575347,3.1229999065
"410756",83.0026742956652,3.9400000572
"410756",46.9991914920082,59.3569984436
"410756",45.00279868151,65.9209976196
"410756",59.0024255239754,24.936000824
"410756",89.9993780707755,1.9579999447
"410756",48.0004975433796,56.1240005493
"410756",70.999440263698,9.9090003967
"410756",77.0010572796816,6.3289999962
"410756",82.0013682442938,4.1919999123
"410756",45.9978854406369,62.8740005493
"410770",99.9937807077554,0
"410770",84.9990671061633,0
"410770",64.9978232477144,7.7800002098
"410770",1.00130605137135,4089.4431152344
"410770",13.9996268424653,148.3159942627
"410770",8.9993158778531,254.0749969482
"410770",29.000559736302,53.5079994202
"410770",25.0015548230611,71.5930023193
"410770",35.9972635114124,32.5699996948
"410770",69.9981342123266,5.0359997749
"410770",68.0017414018285,6.0460000038
"410770",74.9984451769389,2.9349999428
"410770",86.0003731575347,0
"410770",87.001679208906,0
"410770",88.0029852602774,0
"410770",88.9980720194042,0
"410770",89.9993780707755,0
"410770",91.0006841221469,0
"410770",92.0019901735183,0
"410770",92.9970769326451,0
"410770",93.9983829840164,0
"410770",94.9996890353878,0
"410770",96.0009950867591,0
"410770",97.0023011381305,0
"410770",97.9973878972573,0
"410770",98.9986939486286,0
"410770",10.0006219292245,237.2359924316
"410770",6.00161701598358,406.6530151367
"410770",2.99769886186952,712.3759765625
"410770",3.99900491324087,578.1790161133
"410770",56.9998134212327,13.3520002365
"410770",31.9982585981715,43.5279998779
"410770",59.9975122831022,10.8350000381
"410770",64.0027364885876,8.2530002594
"410770",73.0020523664407,3.6610000134
"410770",2.00261210274271,1458.5830078125
"410770",5.00031096461223,502.3479919434
"410770",72.0007463150693,4.0980000496
"410770",46.9991914920082,18.3729991913
"410770",34.0008707009142,38.1640014648
"410770",37.9998756141551,28.4510002136
"410770",54.0021145593631,14.9429998398
"410770",36.9985695627838,30.5429992676
"410770",50.0031096461223,16.6289997101
"410770",54.9972013184899,14.5059995651
"410770",11.0019279805958,219.9060058594
"410770",12.998320791094,168.3630065918
"410770",67.0004353504571,6.5910000801
"410770",50.9981964052491,16.1490001678
"410770",51.9995024566204,15.7309999466
"410770",49.0018035947509,17.2080001831
"410770",48.0004975433796,17.7250003815
"410770",43.0001865787673,22.0979995728
"410770",40.9975744760246,24.0830001831
"410770",7.99800982648175,278.4729919434
"410770",39.0011816655265,26.6560001373
"410770",45.9978854406369,19.1669998169
"410770",55.9985073698613,13.9429998398
"410770",16.9973257043348,116.0970001221
"410770",41.998880527396,23.1049995422
"410770",83.0026742956652,0.2689999938
"410770",81.0000621929225,0.9900000095
"410770",78.0023633310529,2.0299999714
"410770",78.9974500901797,1.6859999895
"410770",79.9987561415511,1.3300000429
"410770",44.0014926301387,20.982000351
"410770",59.0024255239754,11.7440004349
"410770",58.001119472604,12.5380001068
"410770",82.0013682442938,0.5799999833
"410770",65.9991292990858,7.1669998169
"410770",77.0010572796816,2.3269999027
"410770",62.0001243858449,9.2589998245
"410770",70.999440263698,4.5739998817
"410770",69.0030474531998,5.4869999886
"410770",32.9995646495429,40.9140014648
"410770",73.9971391255675,3.3259999752
"410770",75.9997512283102,2.6089999676
"410770",45.00279868151,20.077999115
"410770",26.9979476335593,60.9630012512
"410770",18.9999378070776,101.9010009766
"410770",21.9976366689471,89.1910018921
"410770",16.002238945208,124.7490005493
"410770",7.00292306735493,325.8309936523
"410770",24.0002487716898,76.18800354
"410770",27.9992536849307,57.5690002441
"410770",17.9986317557062,108.8369979858
"410770",11.9970147397226,191.9440002441
"410770",26.0028608744325,66.3420028687
"410770",15.0009328938367,134.8399963379
"410770",30.0018657876734,50.2929992676
"410770",22.9989427203184,82.1770019531
"410770",35.0021767522856,35.5439987183
"410770",21.0025499098203,94.0879974365
"410770",20.0012438584489,97.6129989624
"410770",63.0014304372162,8.736000061
"410770",60.9988183344735,9.9960002899
"410770",40.0024877168978,25.1690006256
"410770",53.0008085079918,15.3529996872
"410770",83.997761054792,0.0500000007
"410770",30.9969525468002,47.013999939
"410772",96.0009950867591,0
"410772",97.0023011381305,0
"410772",97.9973878972573,0
"410772",98.9986939486286,0
"410772",99.9937807077554,0
"410772",92.0019901735183,0
"410772",32.9995646495429,0.5780000091
"410772",30.0018657876734,0.7009999752
"410772",31.9982585981715,0.6150000095
"410772",37.9998756141551,0.4129999876
"410772",36.9985695627838,0.4410000145
"410772",92.9970769326451,0
"410772",39.0011816655265,0.3899999857
"410772",44.0014926301387,0.2930000126
"410772",13.9996268424653,3.8389999866
"410772",59.9975122831022,0.1430000067
"410772",7.99800982648175,10.6780004501
"410772",26.0028608744325,0.9430000186
"410772",11.9970147397226,5.0300002098
"410772",10.0006219292245,7.1680002213
"410772",20.0012438584489,1.753000021
"410772",58.001119472604,0.1550000012
"410772",22.9989427203184,1.2819999456
"410772",49.0018035947509,0.2220000029
"410772",8.9993158778531,8.5959997177
"410772",30.9969525468002,0.6549999714
"410772",55.9985073698613,0.1669999957
"410772",56.9998134212327,0.1609999985
"410772",17.9986317557062,2.263999939
"410772",3.99900491324087,25.3589992523
"410772",54.0021145593631,0.1809999943
"410772",12.998320791094,4.3660001755
"410772",50.0031096461223,0.2119999975
"410772",45.00279868151,0.2759999931
"410772",34.0008707009142,0.5400000215
"410772",35.9972635114124,0.4699999988
"410772",16.002238945208,2.9110000134
"410772",29.000559736302,0.7559999824
"410772",16.9973257043348,2.5550000668
"410772",18.9999378070776,1.9659999609
"410772",54.9972013184899,0.173999995
"410772",77.0010572796816,0.0769999996
"410772",73.0020523664407,0.0939999968
"410772",69.9981342123266,0.1040000021
"410772",59.0024255239754,0.1490000039
"410772",40.9975744760246,0.3470000029
"410772",6.00161701598358,16.0370006561
"410772",69.0030474531998,0.1080000028
"410772",40.0024877168978,0.3700000048
"410772",24.0002487716898,1.1299999952
"410772",64.9978232477144,0.1209999993
"410772",48.0004975433796,0.2339999974
"410772",65.9991292990858,0.1169999987
"410772",41.998880527396,0.3289999962
"410772",46.9991914920082,0.2479999959
"410772",35.0021767522856,0.5049999952
"410772",2.00261210274271,51.6590003967
"410772",81.0000621929225,0.0579999983
"410772",88.0029852602774,0.0199999996
"410772",27.9992536849307,0.8130000234
"410772",62.0001243858449,0.1340000033
"410772",25.0015548230611,1.0269999504
"410772",83.0026742956652,0.0469999984
"410772",79.9987561415511,0.063000001
"410772",83.997761054792,0.0410000011
"410772",74.9984451769389,0.0860000029
"410772",68.0017414018285,0.1120000035
"410772",50.9981964052491,0.2039999962
"410772",70.999440263698,0.1010000035
"410772",78.9974500901797,0.0680000037
"410772",86.0003731575347,0.0309999995
"410772",84.9990671061633,0.0359999985
"410772",53.0008085079918,0.1879999936
"410772",93.9983829840164,0
"410772",75.9997512283102,0.0820000023
"410772",89.9993780707755,0.0089999996
"410772",87.001679208906,0.0260000005
"410772",1.00130605137135,85.3639984131
"410772",60.9988183344735,0.1389999986
"410772",91.0006841221469,0.003
"410772",73.9971391255675,0.0900000036
"410772",64.0027364885876,0.125
"410772",63.0014304372162,0.1289999932
"410772",26.9979476335593,0.8709999919
"410772",94.9996890353878,0
"410772",67.0004353504571,0.1140000001
"410772",43.0001865787673,0.3109999895
"410772",7.00292306735493,13.2489995956
"410772",15.0009328938367,3.3429999352
"410772",11.0019279805958,5.9580001831
"410772",51.9995024566204,0.1959999949
"410772",2.99769886186952,34.5929985046
"410772",78.0023633310529,0.0729999989
"410772",88.9980720194042,0.0149999997
"410772",72.0007463150693,0.0979999974
"410772",82.0013682442938,0.0520000011
"410772",21.9976366689471,1.4119999409
"410772",45.9978854406369,0.2619999945
"410772",5.00031096461223,19.7220001221
"410772",21.0025499098203,1.5809999704
"410776",97.9989775797853,0
"410776",21.0034324107208,20.783000946
"410776",8.99729788943256,37.8199996948
"410776",40.9990506098006,9.6809997559
"410776",60.0014606003067,4.9869999886
"410776",25.9986854597239,17.3530006409
"410776",73.0008033301687,2.8900001049
"410776",65.9972248594172,3.9079999924
"410776",33.0022639304754,13.3959999084
"410776",46.0016066603374,7.9720001221
"410776",18.0018987803987,23.4349994659
"410776",82.9986124297086,1.7170000076
"410776",41.999561819908,9.3540000916
"410776",37.9975169794786,10.9149999619
"410776",15.0003651500767,26.9710006714
"410776",72.0002921200613,3.0120000839
"410776",7.00357847075148,43.7070007324
"410776",27.9997078799387,16.1790008545
"410776",7.9967866793252,40.4990005493
"410776",29.000219090046,15.5869998932
"410776",9.99780909953991,35.5089988708
"410776",90.0021909004601,0.9150000215
"410776",87.000657270138,1.2829999924
"410776",55.9994157598773,5.6649999619
"410776",56.9999269699847,5.4959998131
"410776",1.00051121010735,109.422996521
"410776",2.00102242021471,77.6439971924
"410776",3.00153363032206,64.1640014648
"410776",50.0036515007668,6.9299998283
"410776",54.99890454977,5.8400001526
"410776",4.00204484042942,56.75
"410776",12.999342729862,30.1669998169
"410776",51.9973709194479,6.4770002365
"410776",43.0000730300153,8.9949998856
"410776",76.0023369604908,2.4869999886
"410776",19.0024099905061,22.5119991302
"410776",24.9981742496166,17.922000885
"410776",23.9976630395092,18.6310005188
"410776",58.000438180092,5.3249998093
"410776",44.0005842401227,8.6630001068
"410776",92.0032133206748,0.6930000186
"410776",5.00255605053677,51.9550018311
"410776",47.0021178704448,7.7030000687
"410776",26.9991966698313,16.7759990692
"410776",62.0024830205214,4.6040000916
"410776",98.9994887898926,0
"410776",75.0018257503834,2.6210000515
"410776",52.9978821295553,6.2569999695
"410776",17.0013875702914,24.3899993896
"410776",32.0017527203681,13.9010000229
"410776",35.9964945592639,11.8299999237
"410776",20.0029212006135,21.6200008392
"410776",10.9983203096473,33.6160011292
"410776",39.9985393996933,10.0780000687
"410776",69.9992696998466,3.3059999943
"410776",34.0027751405828,12.8979997635
"410776",22.9971518294019,19.3129997253
"410776",48.0026290805521,7.4279999733
"410776",79.9970787993865,2.0039999485
"410776",77.0028481705981,2.3480000496
"410776",45.00109545023,8.2910003662
"410776",94.9974439494632,0.2730000019
"410776",78.9965675892792,2.1050000191
"410776",92.9964215292485,0.5559999943
"410776",93.9969327393559,0.4099999964
"410776",70.999780909954,3.1570000648
"410776",86.0001460600307,1.4190000296
"410776",83.999123639816,1.6390000582
"410776",67.9982472796319,3.5999999046
"410776",66.9977360695246,3.7599999905
"410776",96.9984663696779,0.023
"410776",95.9979551595706,0.1550000012
"410776",91.0027021105674,0.8130000234
"410776",36.9970057693712,11.3950004578
"410776",30.0007303001534,15.0480003357
"410776",13.9998539399693,28.5079994202
"410776",59.0009493901994,5.1589999199
"410776",31.0012415102607,14.482000351
"410776",38.9980281895859,10.454000473
"410776",64.0035054407361,4.2309999466
"410776",78.0033593807055,2.2160000801
"410776",80.9975900094939,1.9029999971
"410776",53.9983933396626,6.0529999733
"410776",35.0032863506901,12.3479995728
"410776",11.9988315197546,31.8530006409
"410776",61.0019718104141,4.7989997864
"410776",63.0029942306288,4.382999897
"410776",21.9966406192945,20.0760002136
"410776",68.9987584897393,3.4379999638
"410776",89.0016796903527,1.0420000553
"410776",16.000876360184,25.5900001526
"410776",6.00306726064412,47.4239997864
"410776",49.0031402906595,7.1630001068
"410776",50.9968597093405,6.7049999237
"410776",88.0011684802454,1.1510000229
"410776",84.9996348499233,1.5260000229
"410776",64.9967136493099,4.0669999123
"410776",74.0013145402761,2.7569999695
"410776",81.9981012196013,1.8129999638
"410776",99.9926969984664,0
"410775",3.00140690948882,98.3030014038
"410775",73.0029701422542,0.8420000076
"410775",9.99687353446928,25.2929992676
"410775",97.9990620603408,0
"410775",45.9981241206816,1.9620000124
"410775",27.9974988275754,4.0440001488
"410775",19.0010942629358,7.6100001335
"410775",24.0034391120838,5.0180001259
"410775",23.0029701422542,5.4190001488
"410775",38.0021885258715,2.6549999714
"410775",34.0003126465531,3.0759999752
"410775",26.9970298577458,4.243999958
"410775",8.99640456463968,29.6380004883
"410775",43.9971861810224,2.125
"410775",13.9987494137877,13.9259996414
"410775",58.9964045646397,1.1829999685
"410775",6.00281381897765,50.2010002136
"410775",52.0009379396592,1.5499999523
"410775",37.0017195560419,2.757999897
"410775",39.0026574957011,2.5620000362
"410775",42.9967172111927,2.2249999046
"410775",60.9973425042989,1.1089999676
"410775",57.0032827888073,1.2740000486
"410775",40.0031264655307,2.4800000191
"410775",75.9965608879162,0.7940000296
"410775",58.0037517586369,1.2250000238
"410775",17.0001563232765,9.5939998627
"410775",1.00046896982961,229.9949951172
"410775",2.00093793965922,137.716003418
"410775",35.0007816163827,2.9619998932
"410775",64.9992183836173,0.9909999967
"410775",69.0010942629358,0.9060000181
"410775",75.0039080819134,0.8109999895
"410775",80.9989057370642,0.7110000253
"410775",84.0003126465531,0.6470000148
"410775",32.9998436767235,3.2149999142
"410775",62.9982804439581,1.0420000553
"410775",54.0018758793184,1.4299999475
"410775",36.0012505862123,2.8770000935
"410775",65.9996873534469,0.9689999819
"410775",74.0034391120838,0.8280000091
"410775",20.0015632327654,6.9580001831
"410775",77.9974988275754,0.7659999728
"410775",71.002032202595,0.8740000129
"410775",76.9970298577458,0.7839999795
"410775",51.0004689698296,1.6109999418
"410775",78.997967797405,0.7480000257
"410775",11.9978114741285,18.4610004425
"410775",98.9995310301704,0
"410775",31.9993747068939,3.3459999561
"410775",70.0015632327654,0.8880000114
"410775",72.0025011724246,0.8579999804
"410775",14.9992183836173,12.4630002975
"410775",7.00328278880725,41.9379997253
"410775",85.0007816163827,0.621999979
"410775",87.0017195560419,0.5640000105
"410775",18.0006252931061,8.484000206
"410775",89.0026574957011,0.5070000291
"410775",79.9984367672346,0.7319999933
"410775",48.9995310301704,1.7380000353
"410775",15.9996873534469,10.9989995956
"410775",8.00375175863686,34.6749992371
"410775",56.0028138189776,1.3279999495
"410775",12.9982804439581,15.9639997482
"410775",91.0035954353603,0.4269999862
"410775",86.0012505862123,0.5960000157
"410775",82.9998436767235,0.6700000167
"410775",41.9962482413631,2.2950000763
"410775",67.0001563232765,0.94599998
"410775",21.002032202595,6.3189997673
"410775",59.9968735344693,1.1390000582
"410775",61.9978114741285,1.07099998
"410775",4.00187587931843,74.5650024414
"410775",91.9962482413631,0.3880000114
"410775",88.0021885258715,0.5360000134
"410775",68.0006252931061,0.925999999
"410775",53.0014069094888,1.4919999838
"410775",29.9984367672346,3.6989998817
"410775",5.00234484914804,60.7159996033
"410775",47.9990620603408,1.8079999685
"410775",22.0025011724246,5.8720002174
"410775",92.9967172111927,0.3519999981
"410775",90.0031264655307,0.4670000076
"410775",94.997655150852,0.2409999967
"410775",93.9971861810224,0.300999999
"410775",95.9981241206816,0.1679999977
"410775",55.002344849148,1.378000021
"410775",44.997655150852,2.0490000248
"410775",63.9987494137877,1.0169999599
"410775",30.9989057370642,3.5209999084
"410775",25.0039080819134,4.7020001411
"410775",41.0035954353603,2.3949999809
"410775",28.997967797405,3.881000042
"410775",81.9993747068939,0.6909999847
"410775",96.9985930905112,0
"410775",10.9973425042989,21.3959999084
"410775",46.9985930905112,1.8969999552
"410775",99.9921838361732,0
"410775",50,1.675999999
"410775",25.9965608879162,4.4460000992
"410779",44.997655150852,7.1100001335
"410779",50,5.5939998627
"410779",36.0012505862123,10.954000473
"410779",9.99687353446928,41.6259994507
"410779",42.9967172111927,7.8289999962
"410779",1.00046896982961,411.5360107422
"410779",41.0035954353603,8.609000206
"410779",29.9984367672346,14.6979999542
"410779",21.002032202595,22.8939990997
"410779",82.9998436767235,0.2689999938
"410779",30.9989057370642,14.0050001144
"410779",3.00140690948882,162.3059997559
"410779",5.00234484914804,96.9359970093
"410779",84.0003126465531,0.2339999974
"410779",37.0017195560419,10.4079999924
"410779",52.0009379396592,5.0729999542
"410779",14.9992183836173,30.5559997559
"410779",10.9973425042989,38.2919998169
"410779",58.9964045646397,3.5439999104
"410779",39.0026574957011,9.4799995422
"410779",97.9990620603408,0
"410779",8.99640456463968,45.827999115
"410779",60.9973425042989,3.1540000439
"410779",76.9970298577458,0.6729999781
"410779",18.0006252931061,26.4729995728
"410779",22.0025011724246,21.658000946
"410779",23.0029701422542,20.6560001373
"410779",25.9965608879162,17.9659996033
"410779",69.0010942629358,1.692999959
"410779",34.0003126465531,12.0869998932
"410779",68.0006252931061,1.8600000143
"410779",27.9974988275754,16.2290000916
"410779",67.0001563232765,2.0050001144
"410779",80.9989057370642,0.3840000033
"410779",6.00281381897765,76.1200027466
"410779",28.997967797405,15.4549999237
"410779",41.9962482413631,8.2080001831
"410779",25.0039080819134,18.658000946
"410779",12.9982804439581,33.6030006409
"410779",7.00328278880725,61.2449989319
"410779",98.9995310301704,0
"410779",74.0034391120838,0.9300000072
"410779",81.9993747068939,0.324000001
"410779",35.0007816163827,11.5260000229
"410779",57.0032827888073,3.9700000286
"410779",24.0034391120838,19.7119998932
"410779",77.9974988275754,0.5939999819
"410779",46.9985930905112,6.4710001945
"410779",47.9990620603408,6.1599998474
"410779",86.0012505862123,0.1819999963
"410779",59.9968735344693,3.3150000572
"410779",63.9987494137877,2.621999979
"410779",95.9981241206816,0.0480000004
"410779",32.9998436767235,12.670999527
"410779",48.9995310301704,5.8819999695
"410779",91.9962482413631,0.1019999981
"410779",70.0015632327654,1.5190000534
"410779",91.0035954353603,0.1120000035
"410779",94.997655150852,0.0670000017
"410779",85.0007816163827,0.2049999982
"410779",92.9967172111927,0.0920000002
"410779",17.0001563232765,27.7199993134
"410779",58.0037517586369,3.739000082
"410779",93.9971861810224,0.0799999982
"410779",20.0015632327654,23.9200000763
"410779",13.9987494137877,32.1650009155
"410779",96.9985930905112,0.0020000001
"410779",8.00375175863686,52.063999176
"410779",4.00187587931843,122.7539978027
"410779",53.0014069094888,4.8509998322
"410779",26.9970298577458,17
"410779",89.0026574957011,0.1350000054
"410779",31.9993747068939,13.3420000076
"410779",88.0021885258715,0.1490000039
"410779",54.0018758793184,4.6370000839
"410779",79.9984367672346,0.4440000057
"410779",71.002032202595,1.3619999886
"410779",56.0028138189776,4.1840000153
"410779",75.9965608879162,0.7450000048
"410779",87.0017195560419,0.1669999957
"410779",65.9996873534469,2.2019999027
"410779",61.9978114741285,2.992000103
"410779",43.9971861810224,7.4790000916
"410779",15.9996873534469,29.0410003662
"410779",90.0031264655307,0.123999998
"410779",51.0004689698296,5.3270001411
"410779",38.0021885258715,9.888999939
"410779",19.0010942629358,25.0650005341
"410779",11.9978114741285,35.6959991455
"410779",2.00093793965922,231.4389953613
"410779",55.002344849148,4.4010000229
"410779",64.9992183836173,2.4159998894
"410779",72.0025011724246,1.2009999752
"410779",75.0039080819134,0.8159999847
"410779",40.0031264655307,9.001999855
"410779",78.997967797405,0.5199999809
"410779",99.9921838361732,0
"410779",62.9982804439581,2.8059999943
"410779",73.0029701422542,1.0690000057
"410779",45.9981241206816,6.8249998093
"410790",93.9954063217762,0
"410790",9.99671880126873,21.0060005188
"410790",25.0027343322761,5.8210000992
"410790",65.0005468664552,0.7409999967
"410790",64.00524991797,0.7749999762
"410790",20.9996718801269,7.6459999084
"410790",37.9962813081046,2.6119999886
"410790",95.0016405993656,0
"410790",95.9969375478508,0
"410790",55.0038280651865,1.1599999666
"410790",6.00459367822378,39.9140014648
"410790",16.0013124794925,11.1789999008
"410790",79.0003281198731,0.3490000069
"410790",74.997265667724,0.4659999907
"410790",32.9979219074702,3.4990000725
"410790",46.9977031608881,1.6239999533
"410790",18.9981406540523,8.8380002975
"410790",39.9978125341792,2.3129999638
"410790",11.9982500273433,16.5979995728
"410790",53.0022968391119,1.2799999714
"410790",11.0029530788581,18.6170005798
"410790",27.9995625068358,4.7699999809
"410790",20.0043749316417,8.1979999542
"410790",13.0044843049327,14.9359998703
"410790",60.997484414306,0.878000021
"410790",57.0053592912611,1.0440000296
"410790",51.0007656130373,1.3890000582
"410790",6.99989062670896,32.9560012817
"410790",69.9989062670896,0.6019999981
"410790",90.0032811987313,0.0930000022
"410790",62.9990156403806,0.80400002
"410790",65.9958438149404,0.7089999914
"410790",55.9991250136717,1.1030000448
"410790",97.0031718254402,0
"410790",92.0048124248059,0.0469999984
"410790",79.9956250683583,0.3170000017
"410790",30.0010937329104,4.1849999428
"410790",72.9957344416493,0.5299999714
"410790",27.0042655583506,5.1119999886
"410790",93.000109373291,0.023
"410790",88.9970469211419,0.1169999987
"410790",2.99682817455977,80.8509979248
"410790",83.9986875205075,0.2160000056
"410790",85.0049217980969,0.1909999996
"410790",86.9955156950673,0.1550000012
"410790",14.9950782019031,12.3509998322
"410790",44.9961719348135,1.7849999666
"410790",18.0028437055671,9.5080003738
"410790",39.002515585694,2.4619998932
"410790",83.0033905720223,0.2380000055
"410790",86.0002187465821,0.1700000018
"410790",97.9984687739254,0
"410790",44.0008749863283,1.8769999743
"410790",69.0036093186044,0.6290000081
"410790",88.0017499726567,0.1389999986
"410790",99.0047030515148,0
"410790",67.997375041015,0.6539999843
"410790",58.9959531882314,0.9539999962
"410790",9.00142185278355,24.107000351
"410790",25.9980312807612,5.4660000801
"410790",23.0012031062015,6.638999939
"410790",28.994859455321,4.4479999542
"410790",49.9945313354479,1.4450000525
"410790",41.9993437602537,2.0680000782
"410790",46.0024062124029,1.7050000429
"410790",4.99835940063437,47.6879997253
"410790",7.99518757519414,27.7159996033
"410790",32.002624958985,3.7019999027
"410790",42.9946407087389,1.9670000076
"410790",37.0009843596194,2.7950000763
"410790",48.9992343869627,1.503000021
"410790",62.0037186918954,0.8399999738
"410790",71.005140544679,0.5770000219
"410790",72.0004374931642,0.55400002
"410790",53.9975937875971,1.2220000029
"410790",13.9997812534179,13.5609998703
"410790",34.9994531335448,3.1070001125
"410790",34.0041561850596,3.2950000763
"410790",41.0040468117686,2.1900000572
"410790",76.0034999453134,0.4420000017
"410790",48.0039374384775,1.5609999895
"410790",16.9966094279777,10.2749996185
"410790",67.0020780925298,0.6819999814
"410790",74.0019687192388,0.5019999743
"410790",30.9963906813956,3.9500000477
"410790",60.0021874658208,0.9169999957
"410790",2.00153122607459,122.6829986572
"410790",81.0018593459477,0.2899999917
"410790",78.005031171388,0.3860000074
"410790",35.99475008203,2.9660000801
"410790",76.9987968937985,0.4160000086
"410790",58.0006562397462,0.9990000129
"410790",81.9971562944329,0.2610000074
"410790",90.9985781472164,0.0680000037
"410790",99.9890626708958,0
"410790",21.9949688286121,7.0320000648
"410790",23.9965000546866,6.2030000687
"410790",0.99529694848518,244.3489990234
"410790",4.00306245214918,60.2949981689
"410790",51.9960625615225,1.3320000172
